﻿pos_x,pos_y,rotation,side,designator,mpn,pack,footprint,value,mount_type
92.625,-114.06,0.0,top,A1,,,Arduino_UNO_R3,Arduino_Leonardo,tht
77.75,-72.25,-90.0,top,C1,,,CP_Radial_D12.5mm_P5.00mm,1000uF,tht
172.75,-127.0,0.0,top,C10,,,C_0805_2012Metric_Pad1.18x1.45mm_HandSolder,.1uF,smt
70.25,-99.073959,90.0,top,C2,,,CP_Radial_D12.5mm_P5.00mm,1000uF,tht
156.25,-34.0,0.0,top,C3,,,CP_Radial_D5.0mm_P2.00mm,10uF,tht
156.0,-40.0,0.0,top,C4,,,CP_Radial_D5.0mm_P2.00mm,10uF,tht
158.5,-69.794888,-90.0,top,C5,,,CP_Radial_D5.0mm_P2.00mm,10uF,tht
152.75,-70.044888,-90.0,top,C6,,,CP_Radial_D5.0mm_P2.00mm,10uF,tht
154.25,-124.25,0.0,top,C7,,,C_0805_2012Metric_Pad1.18x1.45mm_HandSolder,1uF,smt
163.0,-113.7875,90.0,top,C8,,,C_0805_2012Metric_Pad1.18x1.45mm_HandSolder,.01uF,smt
173.25,-118.75,-90.0,top,C9,,,C_0805_2012Metric_Pad1.18x1.45mm_HandSolder,1uF,smt
131.25,-46.42,-90.0,top,D1,,,D_DO-41_SOD81_P10.16mm_Horizontal,1N4007,tht
129.75,-80.63,-90.0,top,D2,,,D_DO-41_SOD81_P10.16mm_Horizontal,1N4007,tht
76.45,-33.25,0.0,top,HS1,,,Heatsink_Fischer_SK104-STC-STIC_35x13mm_2xDrill2.5mm,Heatsink,tht
112.55,-33.25,0.0,top,HS2,,,Heatsink_Fischer_SK104-STC-STIC_35x13mm_2xDrill2.5mm,Heatsink,tht
184.69,-94.99,90.0,top,J1,,,"TerminalBlock_Phoenix_PT-1,5-3-5.0-H_1x03_P5.00mm_Horizontal",Power Out,tht
56.5,-84.5,-90.0,top,J2,,,"TerminalBlock_Phoenix_PT-1,5-3-5.0-H_1x03_P5.00mm_Horizontal",Power In,tht
144.1,-51.0,0.0,top,K1,,,JQC-3F(T73),Relay_SPDT,tht
143.15,-85.5,0.0,top,K2,,,JQC-3F(T73),Relay_SPDT,tht
187.0,-115.975,0.0,top,M1,,,PinHeader_1x02_P2.54mm_Vertical,Fan,tht
137.7,-63.49,0.0,top,Q1,,,TO-92_Inline,2N2222,tht
142.06,-98.74,0.0,top,Q2,,,TO-92_Inline,2N2222,tht
179.5,-125.25,0.0,top,Q3,,,SOT-23,MMBT2222A,smt
70.75,-63.05,-90.0,top,R1,,,R_1206_3216Metric_Pad1.30x1.75mm_HandSolder,4.99K,smt
138.05,-71.755,-90.0,top,R10,,,R_0805_2012Metric_Pad1.15x1.40mm_HandSolder,1K,smt
172.05,-72.0,180.0,top,R11,,,R_1206_3216Metric_Pad1.30x1.75mm_HandSolder,10K,smt
143.25,-105.0,90.0,top,R12,,,R_0805_2012Metric_Pad1.15x1.40mm_HandSolder,1K,smt
155.65,-65.35,-90.0,top,R13,,,R_1206_3216Metric_Pad1.30x1.75mm_HandSolder,10K,smt
81.75,-156.75,90.0,top,R14,,,R_0805_2012Metric_Pad1.15x1.40mm_HandSolder,10K,smt
86.5,-156.75,90.0,top,R15,,,R_0805_2012Metric_Pad1.15x1.40mm_HandSolder,10K,smt
159.0125,-119.6875,0.0,top,R16,,,R_0805_2012Metric_Pad1.20x1.40mm_HandSolder,237K,smt
153.0125,-119.6875,0.0,top,R17,,,R_0805_2012Metric_Pad1.20x1.40mm_HandSolder,45.3K,smt
151.5,-130.0,90.0,top,R18,,,R_0805_2012Metric_Pad1.20x1.40mm_HandSolder,32.4K,smt
151.5,-134.5,90.0,top,R19,,,R_0805_2012Metric_Pad1.20x1.40mm_HandSolder,17.8K,smt
113.81,-51.11,-90.0,top,R2,,,R_1206_3216Metric_Pad1.30x1.75mm_HandSolder,4.99K,smt
178.5,-119.75,90.0,top,R20,,,R_0805_2012Metric_Pad1.15x1.40mm_HandSolder,10K,smt
173.25,-124.25,0.0,top,R21,,,R_0805_2012Metric_Pad1.15x1.40mm_HandSolder,800,smt
178.25,-130.75,-90.0,top,R22,,,R_1206_3216Metric_Pad1.30x1.75mm_HandSolder,3,smt
101.5,-74.0,0.0,top,R23,,,R_1206_3216Metric_Pad1.30x1.75mm_HandSolder,10m,smt
120.95,-80.5,0.0,top,R24,,,R_1206_3216Metric_Pad1.30x1.75mm_HandSolder,10m,smt
156.5,-92.0,-90.0,top,R27,,,R_0805_2012Metric_Pad1.20x1.40mm_HandSolder,10k,smt
156.5,-88.0,90.0,top,R28,,,R_0805_2012Metric_Pad1.20x1.40mm_HandSolder,10k,smt
99.0,-89.95,90.0,top,R3,,,R_1206_3216Metric_Pad1.30x1.75mm_HandSolder,1K,smt
111.27,-51.11,90.0,top,R4,,,R_1206_3216Metric_Pad1.30x1.75mm_HandSolder,10K,smt
81.0,-86.0,0.0,top,R5,,,R_1206_3216Metric_Pad1.30x1.75mm_HandSolder,1K,smt
112.75,-28.0,0.0,top,R6,,,R_1206_3216Metric_Pad1.30x1.75mm_HandSolder,10m,smt
148.7,-34.25,0.0,top,R7,,,R_1206_3216Metric_Pad1.30x1.75mm_HandSolder,10m,smt
68.0,-63.05,90.0,top,R8,,,R_1206_3216Metric_Pad1.30x1.75mm_HandSolder,10K,smt
163.0,-60.5,180.0,top,R9,,,R_0805_2012Metric_Pad1.20x1.40mm_HandSolder,2K2,smt
90.8,-47.03,180.0,top,RV1,,,PinHeader_1x03_P2.54mm_Vertical,200K,tht
99.0,-84.0,180.0,top,RV2,,,PinHeader_1x03_P2.54mm_Vertical,40K,tht
102.94,-47.98,180.0,top,RV3,,,PinHeader_1x03_P2.54mm_Vertical,200K,tht
113.095,-88.75,180.0,top,RV4,,,PinHeader_1x03_P2.54mm_Vertical,200K,tht
58.36,-176.3875,0.0,top,SW1,,,SW_MEC_5GSH9,SW_MEC_5G,smt
71.36,-176.6375,0.0,top,SW2,,,SW_MEC_5GSH9,SW_MEC_5G,smt
83.67,-176.8875,0.0,top,SW3,,,SW_MEC_5GSH9,SW_MEC_5G,smt
160.955,-159.9725,0.0,top,TC2,,,"TerminalBlock_Phoenix_MKDS-1,5-2-5.08_1x02_P5.08mm_Horizontal",Thermocouple_Block,tht
167.25,-115.75,90.0,top,TH1,,,R_0805_2012Metric_Pad1.20x1.40mm_HandSolder,Thermistor,smt
56.5,-78.5,0.0,top,TP1,,,KEYSTONE_4952,TestPoint,tht
181.0,-73.25,180.0,top,TP10,,,KEYSTONE_4952,TestPoint,tht
143.0,-112.5,90.0,top,TP11,,,KEYSTONE_4952,TestPoint,tht
154.5,-80.75,0.0,top,TP12,,,KEYSTONE_4952,TestPoint,tht
206.75,-78.75,0.0,top,TP13,,,KEYSTONE_4952,TestPoint,tht
211.75,-83.75,0.0,top,TP14,,,KEYSTONE_4952,TestPoint,tht
217.25,-79.25,0.0,top,TP15,,,KEYSTONE_4952,TestPoint,tht
218.75,-85.5,0.0,top,TP16,,,KEYSTONE_4952,TestPoint,tht
220.75,-91.0,0.0,top,TP17,,,KEYSTONE_4952,TestPoint,tht
229.25,-81.25,0.0,top,TP18,,,KEYSTONE_4952,TestPoint,tht
227.8,-89.19,0.0,top,TP19,,,KEYSTONE_4952,TestPoint,tht
54.0,-70.0,0.0,top,TP2,,,KEYSTONE_4952,TestPoint,tht
212.0,-89.0,0.0,top,TP20,,,KEYSTONE_4952,TestPoint,tht
214.7,-96.25,0.0,top,TP21,,,KEYSTONE_4952,TestPoint,tht
204.75,-100.75,0.0,top,TP22,,,KEYSTONE_4952,TestPoint,tht
213.5,-107.75,0.0,top,TP23,,,KEYSTONE_4952,TestPoint,tht
230.0,-97.5,0.0,top,TP24,,,KEYSTONE_4952,TestPoint,tht
117.5,-46.5,180.0,top,TP3,,,KEYSTONE_4952,TestPoint,tht
56.5,-102.0,0.0,top,TP4,,,KEYSTONE_4952,TestPoint,tht
63.25,-59.25,180.0,top,TP5,,,KEYSTONE_4952,TestPoint,tht
107.75,-46.5,180.0,top,TP6,,,KEYSTONE_4952,TestPoint,tht
98.75,-51.0,0.0,top,TP7,,,KEYSTONE_4952,TestPoint,tht
95.0,-90.0,0.0,top,TP8,,,KEYSTONE_4952,TestPoint,tht
125.5,-46.75,0.0,top,TP9,,,KEYSTONE_4952,TestPoint,tht
72.65,-42.95,0.0,top,U1,,,TO-220-7_P2.54x3.7mm_StaggerOdd_Lead3.8mm_Vertical,LT3081xT7,tht
163.3,-146.3,90.0,top,U10,,,SOIC-8_3.9x4.9mm_P1.27mm,MAX31855KASA,smt
136.7,-127.75,-90.0,top,U11,,,JST_EH_B4B-EH-A_1x04_P2.50mm_Vertical,LCD 20x04,tht
165.0125,-124.7825,0.0,top,U13,,,SOIC8-N_MC_MCH,TC647BEOATR,smt
108.73,-42.7,0.0,top,U2,,,TO-220-7_P2.54x3.7mm_StaggerOdd_Lead3.8mm_Vertical,LT3081xT7,tht
106.25,-83.25,0.0,top,U3,,,FE_16_ADI,LT3091EFE-TRPBF,smt
89.7371,-82.695001,0.0,top,U4,,,FE_16_ADI,LT3091EFE-TRPBF,smt
126.2,-69.29,90.0,top,U5,,,TO-220-3_Vertical,LM7812_TO220,tht
163.8,-49.94,0.0,top,U6,,,TSSOP-16_4.4x5mm_P0.65mm,INA260,smt
161.0,-81.75,0.0,top,U7,,,TSSOP-16_4.4x5mm_P0.65mm,INA260,smt
93.49,-191.19,0.0,top,U8,,,RC1602A,RC1602A,tht
161.25,-93.25,90.0,top,U8,,,SOIC-8_3.9x4.9mm_P1.27mm,ISO1541,smt
104.92,-96.66,0.0,top,U9,,,TO-220-3_Vertical,LM7805_TO220,tht
