﻿Designator,Quantity,Value,Footprint,Package,MPN,DNP,Mount_Type,Description,Sim.Device,Sim.Pins,Indicator,Rating
A1,1,Arduino_Leonardo,Arduino_UNO_R3,,,,tht,Arduino LEONARDO Microcontroller Module,,,,
C1,1,1000uF,CP_Radial_D12.5mm_P5.00mm,,,Yes,tht,"Polarized capacitor, US symbol",,,,
C10,1,.1uF,C_0805_2012Metric_Pad1.18x1.45mm_HandSolder,,,,smt,Unpolarized capacitor,,,,
C2,1,1000uF,CP_Radial_D12.5mm_P5.00mm,,,Yes,tht,"Polarized capacitor, US symbol",,,,
"C3, C4, C5, C6",4,10uF,CP_Radial_D5.0mm_P2.00mm,,,,tht,"Polarized capacitor, small symbol",,,,
"C7, C9",2,1uF,C_0805_2012Metric_Pad1.18x1.45mm_HandSolder,,,,smt,Unpolarized capacitor,,,,
C8,1,.01uF,C_0805_2012Metric_Pad1.18x1.45mm_HandSolder,,,,smt,"Unpolarized capacitor, small symbol",,,,
"D1, D2",2,1N4007,D_DO-41_SOD81_P10.16mm_Horizontal,,,,tht,"1000V 1A General Purpose Rectifier Diode, DO-41",D,1=K 2=A,,
"HS1, HS2",2,Heatsink,Heatsink_Fischer_SK104-STC-STIC_35x13mm_2xDrill2.5mm,,,,tht,Heatsink,,,,
J1,1,Power Out,"TerminalBlock_Phoenix_PT-1,5-3-5.0-H_1x03_P5.00mm_Horizontal",,,,tht,,,,,
J2,1,Power In,"TerminalBlock_Phoenix_PT-1,5-3-5.0-H_1x03_P5.00mm_Horizontal",,,,tht,,,,,
"K1, K2",2,Relay_SPDT,JQC-3F(T73),,,,tht,"Relay SPDT, monostable, EN50005",,,,
M1,1,Fan,PinHeader_1x02_P2.54mm_Vertical,,,,tht,Fan,,,,
"Q1, Q2",2,2N2222,TO-92_Inline,,,,tht,"0.1A Ic, 30V Vce, Small Signal NPN Transistor, TO-92",,,,
Q3,1,MMBT2222A,SOT-23,,,,smt,"600mA Ic, 40V Vce, NPN Transistor, SOT-23",,,,
"R1, R2",2,4.99K,R_1206_3216Metric_Pad1.30x1.75mm_HandSolder,,,,smt,Resistor,,,,
"R10, R12",2,1K,R_0805_2012Metric_Pad1.15x1.40mm_HandSolder,,,,smt,Resistor,,,,
"R11, R13, R4, R8",4,10K,R_1206_3216Metric_Pad1.30x1.75mm_HandSolder,,,,smt,Resistor,,,,
"R14, R15, R20",3,10K,R_0805_2012Metric_Pad1.15x1.40mm_HandSolder,,,,smt,Resistor,,,,
R16,1,237K,R_0805_2012Metric_Pad1.20x1.40mm_HandSolder,,,,smt,Resistor,,,,
R17,1,45.3K,R_0805_2012Metric_Pad1.20x1.40mm_HandSolder,,,,smt,Resistor,,,,
R18,1,32.4K,R_0805_2012Metric_Pad1.20x1.40mm_HandSolder,,,,smt,Resistor,,,,
R19,1,17.8K,R_0805_2012Metric_Pad1.20x1.40mm_HandSolder,,,,smt,Resistor,,,,
R21,1,800,R_0805_2012Metric_Pad1.15x1.40mm_HandSolder,,,,smt,Resistor,,,,
R22,1,3,R_1206_3216Metric_Pad1.30x1.75mm_HandSolder,,,,smt,Resistor,,,,
"R23, R24, R6, R7",4,10m,R_1206_3216Metric_Pad1.30x1.75mm_HandSolder,,,,smt,Resistor,,,,
"R27, R28",2,10k,R_0805_2012Metric_Pad1.20x1.40mm_HandSolder,,,,smt,resistor,,,+,W
"R3, R5",2,1K,R_1206_3216Metric_Pad1.30x1.75mm_HandSolder,,,,smt,Resistor,,,,
R9,1,2K2,R_0805_2012Metric_Pad1.20x1.40mm_HandSolder,,,,smt,Resistor,,,,
"RV1, RV3, RV4",3,200K,PinHeader_1x03_P2.54mm_Vertical,,,,tht,"[RV1,RV3]potentiometer_RK163; [RV4]Voltage set",,,,
RV2,1,40K,PinHeader_1x03_P2.54mm_Vertical,,,,tht,potentiometer_RK163,,,,
"SW1, SW2, SW3",3,SW_MEC_5G,SW_MEC_5GSH9,,,,smt,MEC 5G single pole normally-open tactile switch,,,,
TC2,1,Thermocouple_Block,"TerminalBlock_Phoenix_MKDS-1,5-2-5.08_1x02_P5.08mm_Horizontal",,,,tht,Thermocouple with isothermal block,,,,
TH1,1,Thermistor,R_0805_2012Metric_Pad1.20x1.40mm_HandSolder,,,,smt,Temperature dependent resistor,,,,
"TP1, TP10, TP11, TP12, TP13, TP14, TP15, TP16, TP17, TP18, TP19, TP2, TP20, TP21, TP22, TP23, TP24, TP3, TP4, TP5, TP6, TP7, TP8, TP9",24,TestPoint,KEYSTONE_4952,,,,tht,test point,,,,
"U1, U2",2,LT3081xT7,TO-220-7_P2.54x3.7mm_StaggerOdd_Lead3.8mm_Vertical,,,,tht,"–36V, 1.5A Negative Linear Adjustable Regulator with Programmable Current Limit, TO-220-7",,,,
U10,1,MAX31855KASA,SOIC-8_3.9x4.9mm_P1.27mm,,,,smt,"Cold Junction K-type Thermocouple Interface, SPI, SOIC-8",,,,
U11,1,LCD 20x04,JST_EH_B4B-EH-A_1x04_P2.50mm_Vertical,,,,tht,,,,,
U13,1,TC647BEOATR,SOIC8-N_MC_MCH,,,,smt,,,,,
"U3, U4",2,LT3091EFE-TRPBF,FE_16_ADI,,,,smt,,,,,
U5,1,LM7812_TO220,TO-220-3_Vertical,,,,tht,"Positive 1A 35V Linear Regulator, Fixed Output 12V, TO-220",,,,
"U6, U7",2,INA260,TSSOP-16_4.4x5mm_P0.65mm,,,,smt,"Current/power/voltage monitor with Integrated 2mΩ Shunt Resistor, 2.7V - 5.5V, I2C, TSSOP-16",,,,
U8,1,RC1602A,RC1602A,,,,tht,"LCD 16x2 Alphanumeric gray backlight, 3 or 5V VDD",,,,
U8,1,ISO1541,SOIC-8_3.9x4.9mm_P1.27mm,,,,smt,"I2C Isolator, 2.5 kVrms, Unidirectional Clock, Bidirectional data, SOIC-8",,,,
U9,1,LM7805_TO220,TO-220-3_Vertical,,,,tht,"Positive 1A 35V Linear Regulator, Fixed Output 5V, TO-220",,,,
