﻿pos_x,pos_y,rotation,side,designator,mpn,pack,footprint,value,mount_type
26.33,-98.74,0.0,bottom,A1,,,Arduino_Leonardo,Arduino_Leonardo,tht
134.45,-114.2,0.0,top,C10,,,C_0805_2012Metric_Pad1.18x1.45mm_HandSolder,.1uF,smt
72.34,-66.66,0.0,top,C15,,,R_0805_2012Metric_Pad1.20x1.40mm_HandSolder,.1uF,smt
72.25,-63.26,180.0,top,C16,,,C_0805_2012Metric_Pad1.18x1.45mm_HandSolder,.33uF,smt
55.41,-96.89,0.0,top,C17,,,C_0805_2012Metric_Pad1.18x1.45mm_HandSolder,1 uF,smt
108.6725,-91.59,180.0,top,C18,,,C_0805_2012Metric_Pad1.18x1.45mm_HandSolder,1 uF,smt
80.78,-82.7,90.0,top,C19,,,C_1206_3216Metric_Pad1.33x1.80mm_HandSolder,33 uF,smt
52.09,-91.96,180.0,top,C20,,,C_1206_3216Metric_Pad1.33x1.80mm_HandSolder,33 uF,smt
121.65,-80.994888,-90.0,top,C3,,,CP_Radial_D5.0mm_P2.00mm,10uF,tht
114.95,-79.65,-90.0,top,C4,,,CP_Radial_D5.0mm_P2.00mm,10uF,tht
140.85,-71.55,90.0,top,C5,,,CP_Radial_D5.0mm_P2.00mm,10uF,tht
135.65,-74.98,90.0,top,C6,,,CP_Radial_D5.0mm_P2.00mm,10uF,tht
115.95,-111.45,0.0,top,C7,,,C_0805_2012Metric_Pad1.18x1.45mm_HandSolder,1uF,smt
124.7,-100.9875,90.0,top,C8,,,C_0805_2012Metric_Pad1.18x1.45mm_HandSolder,.01uF,smt
134.95,-105.95,-90.0,top,C9,,,C_0805_2012Metric_Pad1.18x1.45mm_HandSolder,1uF,smt
54.18,-47.9,180.0,top,D1,,,D_DO-41_SOD81_P10.16mm_Horizontal,1N4007,tht
129.87,-46.85,180.0,top,D2,,,D_DO-41_SOD81_P10.16mm_Horizontal,1N4007,tht
144.2,-104.4,-90.0,top,D8,,,D_1206_3216Metric_Pad1.42x1.75mm_HandSolder,D_Schottky_Generic,smt
30.9,-26.1,180.0,top,HS1,,,HSINK_HSE-B250-04H,HSE-B250-04H,tht
67.0,-26.1,0.0,top,HS2,,,HSINK_HSE-B250-04H,HSE-B250-04H,tht
103.2,-26.0,180.0,top,HS3,,,HSINK_HSE-B250-04H,HSE-B250-04H,tht
138.8,-26.0,180.0,top,HS4,,,HSINK_HSE-B250-04H,HSE-B250-04H,tht
65.45,-91.65,0.0,top,HS5,,,Heatsink Amazon,Heatsink,smt
90.63,-56.33,0.0,top,HS6,,,Heatsink Amazon,Heatsink,smt
90.18,-88.04,0.0,top,HS7,,,Heatsink Amazon,Heatsink,smt
148.07,-121.01,90.0,top,HS8,,,Heatsink Amazon,Heatsink,smt
150.9675,-81.3,90.0,top,J1,,,"TerminalBlock_Phoenix_PT-1,5-3-5.0-H_1x03_P5.00mm_Horizontal",Power Out,tht
18.75,-71.7,-90.0,top,J2,,,"TerminalBlock_Phoenix_PT-1,5-3-5.0-H_1x03_P5.00mm_Horizontal",Power In,tht
48.7,-59.8,-90.0,top,K1,,,JQC-3F(T73),Relay_SPDT,tht
124.59,-58.55,-90.0,top,K2,,,JQC-3F(T73),Relay_SPDT,tht
148.7,-103.175,0.0,top,M1,,,PinHeader_1x02_P2.54mm_Vertical,Fan,tht
37.77,-53.5,180.0,top,Q1,,,TO-92_Inline,2N2222,tht
113.03,-52.72,180.0,top,Q2,,,TO-92_Inline,2N2222,tht
141.2,-112.45,0.0,top,Q3,,,SOT-23,MMBT2222A,smt
32.7,-43.35,-90.0,top,R1,,,R_1206_3216Metric_Pad1.30x1.75mm_HandSolder,5k,smt
36.5,-60.5,-90.0,top,R10,,,R_0805_2012Metric_Pad1.15x1.40mm_HandSolder,1K,smt
140.85,-85.48,-90.0,top,R11,,,R_1206_3216Metric_Pad1.30x1.75mm_HandSolder,10K,smt
111.53,-60.24,90.0,top,R12,,,R_0805_2012Metric_Pad1.15x1.40mm_HandSolder,1K,smt
148.27,-59.15,-90.0,top,R13,,,R_1206_3216Metric_Pad1.30x1.75mm_HandSolder,10K,smt
43.45,-143.95,90.0,bottom,R14,,,R_0805_2012Metric_Pad1.15x1.40mm_HandSolder,10K,smt
48.2,-143.95,90.0,bottom,R15,,,R_0805_2012Metric_Pad1.15x1.40mm_HandSolder,10K,smt
120.7125,-106.8875,0.0,top,R16,,,R_0805_2012Metric_Pad1.20x1.40mm_HandSolder,237K,smt
114.7125,-106.8875,0.0,top,R17,,,R_0805_2012Metric_Pad1.20x1.40mm_HandSolder,45.3K,smt
113.2,-117.2,90.0,top,R18,,,R_0805_2012Metric_Pad1.20x1.40mm_HandSolder,32.4K,smt
113.2,-121.7,90.0,top,R19,,,R_0805_2012Metric_Pad1.20x1.40mm_HandSolder,17.8K,smt
68.7,-41.9,-90.0,top,R2,,,R_1206_3216Metric_Pad1.30x1.75mm_HandSolder,5k,smt
140.2,-106.95,90.0,top,R20,,,R_0805_2012Metric_Pad1.15x1.40mm_HandSolder,10K,smt
134.95,-111.45,0.0,top,R21,,,R_0805_2012Metric_Pad1.15x1.40mm_HandSolder,800,smt
139.95,-117.95,-90.0,top,R22,,,R_1206_3216Metric_Pad1.30x1.75mm_HandSolder,3,smt
134.66,-41.14,180.0,top,R23,,,R_1206_3216Metric_Pad1.30x1.75mm_HandSolder,10m,smt
114.8,-41.3,0.0,top,R24,,,R_1206_3216Metric_Pad1.30x1.75mm_HandSolder,10m,smt
102.55,-62.6,180.0,top,R25,,,R_0805_2012Metric_Pad1.20x1.40mm_HandSolder,10K,smt
100.96,-54.25,-90.0,top,R26,,,R_0805_2012Metric_Pad1.20x1.40mm_HandSolder,0R,smt
135.15,-55.8,-90.0,top,R27,,,R_0805_2012Metric_Pad1.20x1.40mm_HandSolder,0R,smt
102.2,-81.25,0.0,top,R28,,,R_0805_2012Metric_Pad1.20x1.40mm_HandSolder,10K,smt
20.31,-114.86,0.0,top,R29,,,R_0805_2012Metric_Pad1.20x1.40mm_HandSolder,10K,smt
100.8,-42.67,90.0,top,R3,,,R_1206_3216Metric_Pad1.30x1.75mm_HandSolder,10K,smt
139.51,-60.03,-90.0,top,R30,,,R_0805_2012Metric_Pad1.20x1.40mm_HandSolder,50K,smt
139.59,-54.08,-90.0,top,R31,,,R_0805_2012Metric_Pad1.20x1.40mm_HandSolder,10K,smt
86.91,-81.29,-90.0,top,R32,,,R_0805_2012Metric_Pad1.20x1.40mm_HandSolder,100K,smt
90.88,-79.0,-90.0,top,R33,,,R_0805_2012Metric_Pad1.20x1.40mm_HandSolder,100K,smt
20.91,-103.23,0.0,top,R36,,,R_0805_2012Metric_Pad1.20x1.40mm_HandSolder,10K,smt
20.85,-126.79,0.0,top,R37,,,R_0805_2012Metric_Pad1.20x1.40mm_HandSolder,10K,smt
103.63,-105.35,90.0,top,R38,,,R_0805_2012Metric_Pad1.15x1.40mm_HandSolder,800,smt
48.59,-87.72,180.0,top,R39,,,R_0805_2012Metric_Pad1.20x1.40mm_HandSolder,10K,smt
66.2,-41.8,90.0,top,R4,,,R_1206_3216Metric_Pad1.30x1.75mm_HandSolder,10K,smt
144.42,-43.21,90.0,top,R5,,,R_1206_3216Metric_Pad1.30x1.75mm_HandSolder,10K,smt
44.7,-42.1,0.0,top,R6,,,R_1206_3216Metric_Pad1.30x1.75mm_HandSolder,10m,smt
54.6,-42.1,180.0,top,R7,,,R_1206_3216Metric_Pad1.30x1.75mm_HandSolder,10m,smt
30.2,-43.35,90.0,top,R8,,,R_1206_3216Metric_Pad1.30x1.75mm_HandSolder,10K,smt
70.4,-78.2,180.0,top,R9,,,R_0805_2012Metric_Pad1.20x1.40mm_HandSolder,2K2,smt
84.9,-47.44,180.0,top,RV1,,,PinHeader_1x03_P2.54mm_Vertical,200K,tht
100.9,-20.84,180.0,top,RV2,,,PinHeader_1x03_P2.54mm_Vertical,50K,tht
89.2,-47.38,180.0,top,RV3,,,PinHeader_1x03_P2.54mm_Vertical,500K,tht
105.65,-15.75,0.0,top,RV4,,,PinHeader_1x03_P2.54mm_Vertical,500K,tht
16.57,-100.73,0.0,top,SW1,,,PinHeader_1x03_P2.54mm_Vertical,SW_MEC_5E,tht
16.57,-112.25,0.0,top,SW2,,,PinHeader_1x03_P2.54mm_Vertical,SW_MEC_5E,tht
16.55,-124.21,0.0,top,SW3,,,PinHeader_1x03_P2.54mm_Vertical,SW_MEC_5E,tht
98.9,-97.5,0.0,top,SW4,,,SW_1218_SPDT,SW_SPDT,tht
145.7,-95.3,180.0,top,SW5,,,SW_1218_SPDT,SW_SPDT,tht
47.04,-91.38,-90.0,top,SW6,,,PinHeader_1x03_P2.54mm_Vertical,SW_MEC_5E,tht
122.87,-146.2,0.0,top,TC2,,,"TerminalBlock_Phoenix_MKDS-1,5-2-5.08_1x02_P5.08mm_Horizontal",Thermocouple_Block,tht
67.78,-22.55,90.0,top,TH1,,,R_0805_2012Metric_Pad1.20x1.40mm_HandSolder,Thermistor,smt
15.38,-65.78,0.0,top,TP1,,,KEYSTONE_4952,TestPoint,tht
152.71,-88.65,180.0,top,TP10,,,KEYSTONE_4952,TestPoint,tht
107.27,-59.06,90.0,top,TP11,,,KEYSTONE_4952,TestPoint,tht
151.68,-63.46,0.0,top,TP12,,,KEYSTONE_4952,TestPoint,tht
133.43,-143.35,90.0,top,TP13,,,KEYSTONE_4952,TestPoint,tht
116.71,-144.14,90.0,top,TP14,,,KEYSTONE_4952,TestPoint,tht
121.3,-102.47,180.0,top,TP15,,,KEYSTONE_4952,TestPoint,tht
144.98,-108.74,0.0,top,TP16,,,KEYSTONE_4952,TestPoint,tht
131.73,-109.15,90.0,top,TP17,,,KEYSTONE_4952,TestPoint,tht
103.36,-116.12,90.0,top,TP18,,,KEYSTONE_4952,TestPoint,tht
106.3,-115.12,90.0,top,TP19,,,KEYSTONE_4952,TestPoint,tht
15.29,-59.65,0.0,top,TP2,,,KEYSTONE_4952,TestPoint,tht
121.95,-124.45,0.0,top,TP20,,,KEYSTONE_4952,TestPoint,tht
111.45,-135.45,0.0,top,TP21,,,KEYSTONE_4952,TestPoint,tht
119.2,-131.45,0.0,top,TP22,,,KEYSTONE_4952,TestPoint,tht
119.95,-136.45,90.0,top,TP23,,,KEYSTONE_4952,TestPoint,tht
31.45,-61.56,0.0,top,TP24,,,KEYSTONE_4952,TestPoint,tht
103.72,-89.22,90.0,top,TP25,,,KEYSTONE_4952,TestPoint,tht
117.6,-103.11,0.0,top,TP26,,,KEYSTONE_4952,TestPoint,tht
109.21,-119.67,0.0,top,TP27,,,KEYSTONE_4952,TestPoint,tht
72.01,-45.87,180.0,top,TP3,,,KEYSTONE_4952,TestPoint,tht
27.11,-86.74,0.0,top,TP4,,,KEYSTONE_4952,TestPoint,tht
22.96,-44.03,-90.0,top,TP5,,,KEYSTONE_4952,TestPoint,tht
65.78,-47.2,180.0,top,TP6,,,KEYSTONE_4952,TestPoint,tht
98.25,-45.96,90.0,top,TP7,,,KEYSTONE_4952,TestPoint,tht
107.04,-43.41,0.0,top,TP8,,,KEYSTONE_4952,TestPoint,tht
58.46,-48.05,90.0,top,TP9,,,KEYSTONE_4952,TestPoint,tht
27.12,-37.01,0.0,top,U1,,,TO220-7_T_LIT,LT3081xT7,tht
125.0,-133.5,90.0,top,U10,,,SOIC-8_3.9x4.9mm_P1.27mm,MAX31855KASA,smt
98.4,-114.95,-90.0,top,U11,,,JST_EH_B4B-EH-A_1x04_P2.50mm_Vertical,LCD 20x04,tht
126.7,-111.95,0.0,top,U13,,,SOIC8-N_MC_MCH,TC647BEOATR,smt
62.7,-95.2,0.0,top,U14,,,TO-220-3_Vertical,L7808CV,tht
101.8,-143.4,90.0,top,U15,,,Hiletgo LLC,Hiletgo I2C LLC Bi-Directional 3.3-5V,tht
81.1425,-65.0,0.0,top,U18,,,SOT-89-3_Handsoldering,L7905,smt
134.86,-36.981,0.0,top,U19,,,TO220-7_T_LIT,LT3091ET7-PBF,tht
63.15,-36.84,0.0,top,U2,,,TO220-7_T_LIT,LT3081xT7,tht
99.38,-36.951,0.0,top,U20,,,TO220-7_T_LIT,LT3091ET7-PBF,tht
88.61,-75.12,90.0,top,U3,,,DIP-14_W7.62mm,LM324,tht
88.22,-60.0,0.0,top,U5,,,TO-220-3_Vertical,LM7812_TO220,tht
74.725,-72.2375,0.0,top,U6,,,TSSOP-16_4.4x5mm_P0.65mm,INA260,smt
151.72,-123.58,90.0,top,U7,,,TO-220-3_Vertical,LM7805CT,tht
87.7,-91.695,0.0,top,U9,,,TO-220-3_Vertical,LM7805_TO220,tht
